<string>
<int name="HighFpsMode" value="120"/>
<int name="HighFrameRate" value="120"/>
<int name="HighPerformanceMode" value="90"/>
<int name="__UNITY_PLAYERPREFS_VERSION__" value="1"/>
<int name="MaxFpsMode" value="120"/>
<int name="MaxFrameRate" value="120"/>
<int name="SmoothFrameRate" value="90"/>
<int name="PerformanceLv" value="60"/>
<int name="VSyncCount" value="1"/>
<int name="AntiAliasing" value="2"/>
<int name="TextureQuality" value="0"/>
<int name="AnisotropicFiltering" value="1"/>
<int name="ShadowQuality" value="1"/>
<float name="ResolutionScaling" value="1.0"/>
<int name="BatterySavingMode" value="1"/>
</string>